{
    "accuracy": 0.9663941871026339,
    "precision": 0.976,
    "recall": 0.782051282051282
}
