{
    "accuracy": 0.9692757863935626,
    "precision": 0.9743589743589743,
    "recall": 0.8
}
